Concepto,2003,2004,2005,2006,2007,2008,2009,2010,2011,2012,2013,2014,2015,2016,2017,2018,2019,2020,2021,2022,2023,,
Ingresos Totales,11.9,11.8,11.6,12.3,12.5,11.7,11.0,11.2,11.7,11.7,11.8,11.7,11.1,11.5,11.4,11.3,11.2,10.7,12.3,12.6,12.5,,
Ingresos Corrientes,11.9,11.8,11.6,12.3,12.5,11.7,11.0,11.2,11.7,11.7,11.8,11.7,11.1,11.5,11.4,11.3,11.2,10.7,12.3,12.6,12.5,,
Ingresos Tributarios,11.1,11.1,10.8,11.4,11.7,11.0,10.3,10.4,10.9,11.0,11.1,11.0,10.4,10.8,10.8,10.7,10.5,10.0,11.7,12.0,11.7,,
Impuestos Directos,2.9,2.7,2.8,3.2,3.2,3.2,3.1,3.1,3.4,3.4,3.9,4.0,3.7,4.1,3.9,3.8,3.7,3.6,4.3,4.3,4.4,,
Impuestos Indirectos,8.2,8.4,8.0,8.2,8.5,7.8,7.1,7.3,7.5,7.5,7.3,7.0,6.8,6.7,6.8,6.9,6.8,6.4,7.4,7.7,7.3,,
Impuesto al Valor Agregado,5.07,5.28,5.00,5.25,5.72,5.31,4.84,5.08,5.27,5.35,5.25,5.2,4.9,4.8,5.0,5.0,5.0,4.8,5.5,5.9,5.6,,
No Tributarios y Transferencias ,0.8,0.7,0.7,0.8,0.8,0.7,0.7,0.8,0.8,0.8,0.7,0.7,0.7,0.7,0.6,0.6,0.7,0.6,0.6,0.6,0.8,,
Ingresos de Capital,0.0,0.0,0.0,0.0,0.0,0.0,0.0,0.0,0.0,0.0,0.0,0.0,0.0,0.0,0.0,0.0,0.0,0.0,0.0,0.0,0.0,,
Gastos Totales,14.4,12.9,13.2,14.2,13.9,13.3,14.1,14.5,14.5,14.2,14.0,13.6,12.6,12.6,12.8,13.2,13.4,15.6,13.5,14.3,13.7,,
Gastos Corrientes,9.6,8.8,8.8,9.1,9.2,8.9,10.1,10.4,10.5,10.8,10.9,10.6,10.3,10.4,10.5,10.6,10.7,12.6,11.1,11.8,11.2,,
Remuneraciones,3.71,3.43,3.17,3.21,3.06,3.04,3.60,3.75,3.83,3.86,4.08,4.1,4.3,4.2,4.2,4.2,4.4,4.6,4.3,4.0,4.0,,
Bienes y Servicios,1.44,1.03,1.05,1.21,1.31,1.73,1.84,1.88,1.94,2.23,2.08,2.1,1.7,1.5,1.4,1.5,1.5,1.7,2.1,2.4,2.0,,
Impuestos pagados por dependencias del Estado,0.00,0.00,0.00,0.00,0.00,0.00,0.00,0.00,0.00,0.00,0.00,0.0,0.0,0.0,0.0,0.0,0.0,0.0,0.0,0.0,0.0,,
Descuentos y Bonificaciones,0.03,0.01,0.04,0.02,0.02,0.02,0.02,0.03,0.05,0.04,0.05,0.0,0.0,0.0,0.0,0.0,0.0,0.0,0.0,0.0,0.0,,
Prestaciones a la Seguridad Social,0.75,0.76,0.77,0.77,0.75,0.77,0.90,0.89,0.85,0.85,0.86,0.8,0.8,0.9,0.9,0.9,0.9,0.9,0.8,0.8,0.8,,
Intereses,1.24,1.31,1.36,1.34,1.45,1.32,1.41,1.48,1.48,1.54,1.58,1.5,1.6,1.5,1.5,1.5,1.6,1.7,1.7,1.7,1.6,,
Deuda  interna,0.62,0.59,0.66,0.63,0.68,0.72,0.77,0.83,0.91,1.01,1.00,1.0,1.1,1.0,1.0,1.0,1.1,1.1,1.2,1.1,1.1,,
Deuda externa,0.61,0.72,0.70,0.71,0.77,0.60,0.65,0.65,0.57,0.53,0.58,0.5,0.5,0.5,0.5,0.5,0.5,0.6,0.5,0.5,0.6,,
Préstamos,0.41,0.42,0.34,0.38,0.39,0.39,0.41,0.44,0.39,0.38,0.37,0.4,0.3,0.3,0.3,0.3,0.3,0.3,0.2,0.2,0.2,,
Bonos,0.20,0.30,0.36,0.32,0.38,0.22,0.23,0.21,0.18,0.15,0.21,0.1,0.2,0.2,0.2,0.2,0.2,0.3,0.3,0.3,0.3,,
Arrendamiento de Tierra y Terrenos,0.00,0.00,0.00,0.00,0.00,0.00,0.00,0.00,0.00,0.00,0.00,0.0,0.0,0.0,0.0,0.0,0.0,0.0,0.0,0.0,0.0,,
Derechos Sobre Bienes Intangibles,0.00,0.00,0.00,0.00,0.00,0.00,0.00,0.00,0.00,0.01,0.01,0.0,0.0,0.0,0.0,0.0,0.0,0.0,0.0,0.0,0.0,,
Transferencias,2.39,2.23,2.39,2.53,2.63,2.03,2.29,2.34,2.33,2.29,2.28,2.0,2.0,2.3,2.4,2.4,2.3,3.7,2.2,2.9,2.7,,
Resto del Sector Público,1.41,1.32,1.40,1.39,1.56,1.59,1.58,1.61,1.68,1.64,1.61,1.5,1.5,1.7,1.9,1.8,1.7,1.7,1.6,1.7,1.8,,
Sector privado,0.79,0.70,0.76,0.82,0.90,0.42,0.69,0.71,0.63,0.64,0.65,0.6,0.4,0.5,0.5,0.6,0.6,2.0,0.6,1.1,0.8,,
Sector externo,0.19,0.21,0.24,0.32,0.17,0.02,0.02,0.01,0.02,0.02,0.02,0.0,0.0,0.0,0.0,0.0,0.0,0.0,0.0,0.0,0.0,,
Gastos de Capital,4.8,4.1,4.4,5.1,4.7,4.3,4.0,4.1,4.0,3.3,3.1,3.0,2.2,2.2,2.3,2.6,2.7,3.0,2.4,2.5,2.5,,
Inversión Real Directa,1.07,1.05,1.18,1.56,1.74,1.83,1.81,1.84,1.84,1.02,0.91,1.0,0.4,0.3,0.4,0.7,0.8,0.5,0.6,0.6,0.6,,
Inversión Financiera,0.04,0.07,0.03,0.02,0.02,0.05,0.00,0.00,0.00,0.00,0.00,0.0,0.0,0.0,0.0,0.0,0.0,0.6,0.0,0.0,0.0,,
Transferencias,3.69,2.97,3.24,3.50,2.93,2.46,2.24,2.27,2.15,2.31,2.15,2.0,1.8,1.9,1.9,1.9,1.9,1.9,1.8,1.9,1.9,,
Resto del Sector Público,2.66,2.45,2.38,2.51,2.14,2.26,2.08,2.04,1.88,2.17,2.01,1.9,1.7,1.8,1.8,1.7,1.7,1.8,1.6,1.7,1.8,,
Sector privado y externo,1.03,0.52,0.86,0.99,0.79,0.21,0.16,0.22,0.26,0.14,0.13,0.1,0.1,0.1,0.1,0.1,0.2,0.2,0.1,0.2,0.1,,
Resultado en Cuenta Corriente ,2.3,3.0,2.8,3.2,3.3,2.8,0.9,0.8,1.2,0.9,0.9,1.1,0.8,1.1,0.9,0.7,0.5,-1.9,1.2,0.8,1.3,,
Resultado Presupuestario,-2.5,-1.0,-1.7,-1.9,-1.4,-1.6,-3.1,-3.3,-2.8,-2.4,-2.2,-1.9,-1.5,-1.1,-1.4,-1.9,-2.2,-4.9,-1.2,-1.7,-1.3,,